title,company,link
Content Producer Technical Content Engineer Junior Dev,Private.Ki,https://remoteok.com/remote-jobs/remote-content-producer-technical-content-engineer-junior-dev-private-ki-1093677
Senior Full Stack Engineer,AMK Solutions,https://remoteok.com/remote-jobs/remote-senior-full-stack-engineer-amk-solutions-1093412
Backend Developer @ lobstr.io Python Scraping Celery,lobstr.io,https://remoteok.com/remote-jobs/remote-backend-developer-lobstr-io-python-scraping-celery-lobstr-io-1093607
Lead Data Engineer,Open Architects,https://remoteok.com/remote-jobs/remote-lead-data-engineer-open-architects-1093295
Javascript Fullstack Engineer Senior,Lumenalta,https://remoteok.com/remote-jobs/remote-javascript-fullstack-engineer-senior-lumenalta-1092919
Application Engineer,LaunchBrightly,https://remoteok.com/remote-jobs/remote-application-engineer-launchbrightly-1093516
Svelte Developer,Green Stuff World,https://remoteok.com/remote-jobs/remote-svelte-developer-green-stuff-world-1093508
Senior Python Backend Engineer,Orga AI,https://remoteok.com/remote-jobs/remote-senior-python-backend-engineer-orga-ai-1093458
Senior Software Engineer,ModelVault,https://remoteok.com/remote-jobs/remote-senior-software-engineer-modelvault-1093504
Senior Backend Engineer,HockeyStack,https://remoteok.com/remote-jobs/remote-senior-backend-engineer-hockeystack-1093257
Software Engineer,Jump,https://remoteok.com/remote-jobs/remote-software-engineer-jump-1093450
React Native Developer,Interviews Chat,https://remoteok.com/remote-jobs/remote-react-native-developer-interviews-chat-1093451
Senior Fullstack Developer,Swipe Games,https://remoteok.com/remote-jobs/remote-senior-fullstack-developer-swipe-games-1093439
Tech Cofounder CTO,Founders Factory,https://remoteok.com/remote-jobs/remote-tech-cofounder-cto-founders-factory-1093267
Senior React Native SDK Engineer,Nami ML,https://remoteok.com/remote-jobs/remote-senior-react-native-sdk-engineer-nami-ml-1093276
Spanish Speaking Software Support Engineer,Payara,https://remoteok.com/remote-jobs/remote-spanish-speaking-software-support-engineer-payara-1093246
Administrative Executive,Prime Design & Build,https://remoteok.com/remote-jobs/remote-administrative-executive-prime-design-build-1092987
Senior Software Engineer,Emergent Software,https://remoteok.com/remote-jobs/remote-senior-software-engineer-emergent-software-1092940
Full Stack Developer,Incyte Studios,https://remoteok.com/remote-jobs/remote-full-stack-developer-incyte-studios-1086821
Senior PHP Laravel Developer Full Stack,Interaction Design Foundation,https://remoteok.com/remote-jobs/remote-senior-php-laravel-developer-full-stack-interaction-design-foundation-1084150
